1,CL02A474MQ2NNN
1,CL02A224MQ2NNN
1,CL02A224MR2NNN
1,CL02A104KQ2NNN
1,CL02A104MQ2NNN
1,CL02A104MR2NNN
1,CL02A103KP2NNN
1,CL02A103KQ2NNN
1,CL02A222KQ2NNN
1,CL02A102KP2NNN
1,CL02A102KQ2NNN
1,CL02B102KP2NNN
1,CL02B471KP2NNN
1,CL02B331KO2NNN
1,CL02B221KP2NNN
1,CL02C221JA2NNN
1,CL02B121KP2NNN
1,CL02B101KP2NNN
1,CL02C101JA2NNN
1,CL02C101JB2NNN
1,CL02C101JO2NNN
1,CL02C101JQ2NNN
1,CL02C910JA2NNN
1,CL02C910JO2NNN
1,CL02C820JA2NNN
1,CL02C820JO2NNN
1,CL02C750JA2NNN
1,CL02C750JO2NNN
1,CL02C680JA2NNN
1,CL02C680JO2NNN
1,CL02C620JA2NNN
1,CL02C620JO2NNN
1,CL02C560JA2NNN
1,CL02C560JO2NNN
1,CL02C510JA2NNN
1,CL02C510JO2NNN
1,CL02C470JA2NNN
1,CL02C430JA2NNN
1,CL02C430JO2NNN
1,CL02C390JA2NNN
1,CL02C390JO2NNN
1,CL02C360JA2NNN
1,CL02C360JO2NNN
1,CL02C330JA2NNN
1,CL02C330JO2NNN
1,CL02C300JA2NNN
1,CL02C300JO2NNN
1,CL02C270JA2NNN
1,CL02C270JO2NNN
1,CL02C240JA2NNN
1,CL02C240JO2NNN
1,CL02C220JA2NNN
1,CL02C220JO2NNN
1,CL02C200JA2NNN
1,CL02C200JO2NNN
1,CL02C180JA2NNN
1,CL02C180JO2NNN
1,CL02C160JA2NNN
1,CL02C160JO2NNN
1,CL02C150JA2NNN
1,CL02C130JA2NNN
1,CL02C130JO2NNN
1,CL02C120JA2NNN
1,CL02C110JA2NNN
1,CL02C110JO2NNN
1,CL02C100JA2NNN
1,CL02C100JO2NNN
1,CL03A474KP3NNN
1,CL03A474KQ3NNN
1,CL03A474MQ3NNN
1,CL03A224KP3NNN
1,CL03A224KQ3NNN
1,CL03A224MQ3NNN
1,CL03A104KA3NNN
1,CL03A104KL3NNN
1,CL03A104KO3NNN
1,CL03A104KP3NNN
1,CL03A104KQ3NNN
1,CL03A104MA3NNN
1,CL03A104MO3NNN
1,CL03A104MP3NNN
1,CL03A104MQ3NNN
1,CL03A683KQ3NNN
1,CL03A473KP3NNN
1,CL03A473KQ3NNN
1,CL03A223KA3NNN
1,CL03A223KQ3NNN
1,CL03A153KQ3NNN
1,CL03A103KA3NNN
1,CL03A103KP3NNN
1,CL03B103KO3NNN
1,CL03B103KP3NNN
1,CL03B103KQ3NNN
1,CL03B682KP3NNN
1,CL03A472KA3NNN
1,CL03A472KP3NNN
1,CL03B472KQ3NNN
1,CL03B332KP3NNN
1,CL03A222KP3NNN
1,CL03B152KP3NNN
1,CL03B102JA3NNN
1,CL03B102KA3NNN
1,CL03B102KO3NNN
1,CL03B821KO3NNN
1,CL03B681KA3NNN
1,CL03B561KO3NNN
1,CL03B471KA3NNN
1,CL03B471KO3NNN
1,CL03B331KA3NNN
1,CL03B271KO3NNN
1,CL03B221KA3NNN
1,CL03B221KO3NNN
1,CL03B151KA3NNN
1,CL03B151KO3NNN
1,CL03C101JA3NNN
1,CL03C101JB3NNN
1,CL03C101JC3NNN
1,CL03C820JA3NNN
1,CL03C680JA3NNN
1,CL03C560JA3NNN
1,CL03C470JA3NNN
1,CL03C470JB3NNN
1,CL03C390GB3NNN
1,CL03C390JA3NNN
1,CL03C390JB3NNN
1,CL03C330JA3NNN
1,CL03C330JB3NNN
1,CL03C300JA3NNN
1,CL03C270JA3NNN
1,CL03C270JB3NNN
1,CL03C220JA3NNN
1,CL03C220JB3NNN
1,CL03C200JA3NNN
1,CL03C180JA3NNN
1,CL03C150JA3NNN
1,CL03C150JB3NNN
1,CL03C120JA3NNN
1,CL03C120JB3NNN
1,CL03C110JA3NNN
1,CL03C100JA3NNN
1,CL03C100JB3NNN
1,CL05A225KP5NNN
1,CL05A225KQ5NNN
1,CL05A225MP5NNN
1,CL05A225MQ5NNN
1,CL05A225MR5NNN
1,CL05A105JQ5NNN
1,CL05A105KA5NNN
1,CL05A105KO5NNN
1,CL05A105KP5NNN
1,CL05A105KQ5NNN
1,CL05A105MQ5NNN
1,CL05A474KA5NNN
1,CL05A474KO5NNN
1,CL05A474KP5NNN
1,CL05A474KQ5NNN
1,CL05B474KP5NNN
1,CL05B474KQ5NNN
1,CL05A334KA5NNN
1,CL05A334KQ5NNN
1,CL05A334MQ5NNN
1,CL05A224KA5NNN
1,CL05A224KO5NNN
1,CL05A224KP5NNN
1,CL05A224KQ5NNN
1,CL05A224MP5NNN
1,CL05B224KO5NNN
1,CL05B224KP5NNN
1,CL05A154KP5NNN
1,CL05A104JO5NNN
1,CL05A104KA5NNN
1,CL05A104KO5NNN
1,CL05A104KP5NNN
1,CL05A104KQ5NNN
1,CL05A104MO5NNN
1,CL05B104JO5NNN
1,CL05B104KA5NNN
1,CL05B104KB5NNN
1,CL05B104KO5NNN
1,CL05B104KP5NNN
1,CL05B104KQ5NNN
1,CL05B104MO5NNN
1,CL05B104MP5NNN
1,CL05B823KP5NNN
1,CL05B683KO5NNN
1,CL05B683KP5NNN
1,CL05B473JO5NNN
1,CL05B473KA5NNN
1,CL05B473KO5NNN
1,CL05B473KP5NNN
1,CL05B333JO5NNN
1,CL05B333KO5NNN
1,CL05B273KO5NNN
1,CL05B273KP5NNN
1,CL05B223JO5NNN
1,CL05B223KA5NNN
1,CL05B223KB5NNN
1,CL05B223KO5NNN
1,CL05B223KP5NNN
1,CL05B183KA5NNN
1,CL05B153KB5NNN
1,CL05B103JO5NNN
1,CL05B103KA5NNN
1,CL05B103KB5NNN
1,CL05B103KO5NNN
1,CL05B822KA5NNN
1,CL05B822KB5NNN
1,CL05B822KO5NNN
1,CL05B682JB5NNN
1,CL05B682KA5NNN
1,CL05B682KB5NNN
1,CL05B562KA5NNN
1,CL05B562KB5NNN
1,CL05B472JB5NNN
1,CL05B472KA5NNN
1,CL05B472KB5NNN
1,CL05B392KB5NNN
1,CL05B332JA5NNN
1,CL05B332KB5NNN
1,CL05B272KB5NNN
1,CL05B222JB5NNN
1,CL05B222KB5NNN
1,CL05B182KB5NNN
1,CL05B152JB5NNN
1,CL05B152KA5NNN
1,CL05B152KB5NNN
1,CL05B122JB5NNN
1,CL05B102JB5NNN
1,CL05B102KB5NNN
1,CL05C102JB5NNN
1,CL05C102JC5NNN
1,CL05C102JO5NNN
1,CL05B821KO5NNN
1,CL05C821JB5NNN
1,CL05B681JB5NNN
1,CL05B681KB5NNN
1,CL05C681JB5NNN
1,CL05B561JB5NNN
1,CL05B561KA5NNN
1,CL05C561JA5NNN
1,CL05B471KB5NNN
1,CL05C471JB5NNN
1,CL05B391KB5NNN
1,CL05C391JB5NNN
1,CL05B331JB5NNN
1,CL05B331KB5NNN
1,CL05C331JB5NNN
1,CL05B301KB5NNN
1,CL05C271JB5NNN
1,CL05B221JB5NNN
1,CL05B221KB5NNN
1,CL05C221JB5NNN
1,CL05C221JC5NNN
1,CL05C221JO5NNN
1,CL05C201JB5NNN
1,CL05B181KB5NNN
1,CL05C181JA5NNN
1,CL05C181JB5NNN
1,CL05C161JB5NNN
1,CL05B151KB5NNN
1,CL05C151JB5NNN
1,CL05C131JB5NNN
1,CL05C121JB5NNN
1,CL05C101JB5NNN
1,CL05C101JC5NNN
1,CL05C101JO5NNN
1,CL05C910JB5NNN
1,CL05C820JA5NNN
1,CL05C820JB5NNN
1,CL05C820JC5NNN
1,CL05C750JB5NNN
1,CL05C680JB5NNN
1,CL05C680JC5NNN
1,CL05C620JB5NNN
1,CL05C560JA5NNN
1,CL05C560JB5NNN
1,CL05C470JB5NNN
1,CL05C470JC5NNN
1,CL05C430JB5NNN
1,CL05C390JB5NNN
1,CL05C390JC5NNN
1,CL05C360JB5NNN
1,CL05C330JB5NNN
1,CL05C330JC5NNN
1,CL05C300JC5NNN
1,CL05C270JA5NNN
1,CL05C270JB5NNN
1,CL05C270JC5NNN
1,CL05C240JB5NNN
1,CL05C220JA5NNN
1,CL05C220JB5NNN
1,CL05C200JA5NNN
1,CL05C190JB5NNN
1,CL05C180GB5NNN
1,CL05C180JB5NNN
1,CL05C180JC5NNN
1,CL05C170JB5NNN
1,CL05C150JB5NNN
1,CL05C150JC5NNN
1,CL05C120JB5NNN
1,CL05C120JC5NNN
1,CL05C110JB5NNN
1,CL05C100DB5NNN
1,CL05C100JB5NNN
1,CL05C090DB5NNN
1,CL05C8R2CB5NNN
1,CL05C6R8CB5NNN
1,CL05C3R9CB5NNN
1,CL05C3R3CB5NNN
1,CL05C010CB5NNN
1,CL10A106KP8NNN
1,CL10A106KQ8NNN
1,CL10A106MQ8NNN
1,CL10A475KP8NNN
1,CL10A475KQ8NNN
1,CL10A475MO8NNN
1,CL10A475MQ8NNN
1,CL10A335KP8NNN
1,CL10A225KA8NNN
1,CL10A225KL8NNN
1,CL10A225KO8NNN
1,CL10A225KP8NNN
1,CL10A225KQ8NNN
1,CL10A225MP8NNN
1,CL10B225KP8NNN
1,CL10B225KQ8NNN
1,CL10A105KA8NNN
1,CL10A105KB8NNN
1,CL10A105KL8NNN
1,CL10A105KO8NNN
1,CL10A105KP8NNN
1,CL10A105KQ8NNN
1,CL10A105MB8NNN
1,CL10A105MO8NNN
1,CL10B105KA8NNN
1,CL10B105KO8NNN
1,CL10B105KP8NNN
1,CL10B105KQ8NNN
1,CL10B684KQ8NNN
1,CL10A474KA8NNN
1,CL10A474KB8NNN
1,CL10A474KO8NNN
1,CL10B474KA8NNN
1,CL10B474KO8NNN
1,CL10B474KP8NNN
1,CL10B474KQ8NNN
1,CL10B334KO8NNN
1,CL10B334KP8NNN
1,CL10A224KB8NNN
1,CL10A224KP8NNN
1,CL10B224JO8NNN
1,CL10B224JP8NNN
1,CL10B224KA8NNN
1,CL10B224KB8NNN
1,CL10B224KO8NNN
1,CL10B154KO8NNN
1,CL10A104KA8NNN
1,CL10B104JA8NNN
1,CL10B104JB8NNN
1,CL10B104KA8NNN
1,CL10B104KB8NNN
1,CL10B104KC8NNN
1,CL10B104KO8NNN
1,CL10B104MB8NNN
1,CL10B823KO8NNN
1,CL10B683KA8NNN
1,CL10B683KB8NNN
1,CL10B563KA8NNN
1,CL10B563KO8NNN
1,CL10B473JB8NNN
1,CL10B473JO8NNN
1,CL10B473KB8NNN
1,CL10B473KO8NNN
1,CL10B393KB8NNN
1,CL10B393KO8NNN
1,CL10B333KB8NNN
1,CL10B273KA8NNN
1,CL10B273KB8NNN
1,CL10B273KO8NNN
1,CL10B223KB8NNN
1,CL10B223KO8NNN
1,CL10B203KB8NNN
1,CL10B183JB8NNN
1,CL10B153KB8NNN
1,CL10B153KO8NNN
1,CL10B123KB8NNN
1,CL10B103KA8NNN
1,CL10B103KB8NNN
1,CL10B103KC8NNN
1,CL10B103KO8NNN
1,CL10B103MB8NNN
1,CL10B682JB8NNN
1,CL10B682KB8NNN
1,CL10B562JB8NNN
1,CL10B562KB8NNN
1,CL10C562JB8NNN
1,CL10B472KA8NNN
1,CL10B472KB8NNN
1,CL10B472KC8NNN
1,CL10C472JA8NNN
1,CL10C472JB8NNN
1,CL10B392KB8NNN
1,CL10C392JA8NNN
1,CL10C392JC8NNN
1,CL10B332KB8NNN
1,CL10B332KC8NNN
1,CL10B332MB8NNN
1,CL10C332JA8NNN
1,CL10C332JB8NNN
1,CL10B272JB8NNN
1,CL10B272KB8NNN
1,CL10C272JB8NNN
1,CL10B222KB8NNN
1,CL10C222JA8NNN
1,CL10C222JB8NNN
1,CL10C222JO8NNN
1,CL10B202KB8NNN
1,CL10C182JB8NNN
1,CL10C182JO8NNN
1,CL10B152KB8NNN
1,CL10B152KC8NNN
1,CL10C152JB8NNN
1,CL10B122KB8NNN
1,CL10C122JB8NNN
1,CL10B102KB8NNN
1,CL10B102KC8NNN
1,CL10C102JA8NNN
1,CL10C102JB8NNN
1,CL10C102JC8NNN
1,CL10C102JO8NNN
1,CL10C821JA8NNN
1,CL10C751JB8NNN
1,CL10B681JB8NNN
1,CL10C681JA8NNN
1,CL10C681JB8NNN
1,CL10C621JB8NNN
1,CL10B561JB8NNN
1,CL10C561JA8NNN
1,CL10C561JB8NNN
1,CL10B511KB8NNN
1,CL10C511JB8NNN
1,CL10B471JB8NNN
1,CL10B471KB8NNN
1,CL10C471JB8NNN
1,CL10C471JC8NNN
1,CL10C471JE8NNN
1,CL10C431JB8NNN
1,CL10B391KB8NNN
1,CL10C361JB8NNN
1,CL10B331JB8NNN
1,CL10B331KB8NNN
1,CL10C331JB8NNN
1,CL10C331JC8NNN
1,CL10C271JB8NNN
1,CL10C271JC8NNN
1,CL10C241JB8NNN
1,CL10B221JB8NNN
1,CL10B221KB8NNN
1,CL10C221JB8NNN
1,CL10C221JD8NNN
1,CL10C221KD8NNN
1,CL10B201KB8NNN
1,CL10C201JB8NNN
1,CL10C181JB8NNN
1,CL10C161JB8NNN
1,CL10B151KB8NNN
1,CL10C151JB8NNN
1,CL10C151JC8NNN
1,CL10B121KB8NNN
1,CL10C121JB8NNN
1,CL10C111JB8NNN
1,CL10C101JB8NNN
1,CL10C101JC8NNN
1,CL10C910JB8NNN
1,CL10C680JB8NNN
1,CL10C680JC8NNN
1,CL10C620JB8NNN
1,CL10C560JB8NNN
1,CL10C510JB8NNN
1,CL10C470JB8NNN
1,CL10C470JC8NNN
1,CL10C430JB8NNN
1,CL10C390JC8NNN
1,CL10C330JB8NNN
1,CL10C270JB8NNN
1,CL10C250JB8NNN
1,CL10C220JB8NNN
1,CL10C200JB8NNN
1,CL10C180JB8NNN
1,CL10C180JC8NNN
1,CL10C150JB8NNN
1,CL10C140JB8NNN
1,CL10C130JB8NNN
1,CL10C120JB8NNN
1,CL10C120JC8NNN
1,CL10C110JB8NNN
1,CL10C100FB8NNN
1,CL10C100JB8NNN
1,CL10C100JC8NNN
1,CL10C4R7BB8NNN
1,CL21A107MRYNNN
1,CL21A476MQYNNN
1,CL21A476MRYNNN
1,CL21A226KQQNNN
1,CL21A226MAYNNN
1,CL21A226MOYNNN
1,CL21A226MPQNNN
1,CL21A226MQQNNN
1,CL21A106KAYNNN
1,CL21A106KOFNNN
1,CL21A106KOQNNN
1,CL21A106KPFNNN
1,CL21A106KQFNNN
1,CL21A106MAYNNN
1,CL21A106MOFNNN
1,CL21A106MPFNNN
1,CL21A106MQFNNN
1,CL21A106MQQNNN
1,CL21B106KOQNNN
1,CL21B106KPQNNN
1,CL21B106KQQNNN
1,CL21A475KAQNNN
1,CL21A475KBQNNN
1,CL21A475KOFNNN
1,CL21A475KPFNNN
1,CL21A475KQFNNN
1,CL21A475MAFNNN
1,CL21A475MAQNNN
1,CL21A475MPFNNN
1,CL21A475MQFNNN
1,CL21B475KAFNNN
1,CL21B475MAFNNN
1,CL21A335KPFNNN
1,CL21B335KPFNNN
1,CL21A225KAFNNN
1,CL21A225KBFNNN
1,CL21A225KBQNNN
1,CL21A225KOFNNN
1,CL21A225KPFNNN
1,CL21B225KOFNNN
1,CL21B225KPFNNN
1,CL21B225MAFNNN
1,CL21A105KPFNNN
1,CL21B105KAFNNN
1,CL21B105KBFNNN
1,CL21B105KOFNNN
1,CL21B105KPFNNN
1,CL21B105MAFNNN
1,CL21B105MBFNNN
1,CL21B105MOFNNN
1,CL21B105MPFNNN
1,CL21B684JOFNNN
1,CL21B684KBFNNN
1,CL21B684KPFNNN
1,CL21B474JAFNNN
1,CL21B474KAFNNN
1,CL21B474KBFNNN
1,CL21B474KOFNNN
1,CL21B474MAFNNN
1,CL21B334KBFNNN
1,CL21B334KOCNNN
1,CL21B334MBFNNN
1,CL21B274KOCNNN
1,CL21B224JAFNNN
1,CL21B224KAFNNN
1,CL21B224KBFNNN
1,CL21B224KOFNNN
1,CL21B224MAFNNN
1,CL21B184KOANNN
1,CL21B154KBFNNN
1,CL21B154KOANNN
1,CL21B124JACNNN
1,CL21B124KACNNN
1,CL21B124KBFNNN
1,CL21B104KACNNN
1,CL21B104KAFNNN
1,CL21B104KBCNNN
1,CL21B104KBFNNN
1,CL21B104KCFNNN
1,CL21B104KOANNN
1,CL21B104MACNNN
1,CL21B104MBFNNN
1,CL21B823KBCNNN
1,CL21B823KBFNNN
1,CL21B683JBCNNN
1,CL21B683KBFNNN
1,CL21B683KCFNNN
1,CL21B563KBCNNN
1,CL21B473KBCNNN
1,CL21B473KCFNNN
1,CL21B473MBCNNN
1,CL21B393KBANNN
1,CL21B333KCFNNN
1,CL21B273KBANNN
1,CL21B223JBANNN
1,CL21B223KBANNN
1,CL21B223KCFNNN
1,CL21B203KBANNN
1,CL21B183KBANNN
1,CL21B153JBANNN
1,CL21B153KCCNNN
1,CL21C153JBFNNN
1,CL21B103JBCNNN
1,CL21B103KAANNN
1,CL21B103KBANNN
1,CL21B103KBCNNN
1,CL21B103KCANNN
1,CL21B103KDCNNN
1,CL21B103KEFNNN
1,CL21B103MBANNN
1,CL21C103JAFNNN
1,CL21C103JBFNNN
1,CL21B822KBANNN
1,CL21C822JAFNNN
1,CL21C822JBFNNN
1,CL21B682KCANNN
1,CL21C682JACNNN
1,CL21C682JBFNNN
1,CL21B562JBANNN
1,CL21B562KBANNN
1,CL21C562JBFNNN
1,CL21B472KBANNN
1,CL21B472KDCNNN
1,CL21B472KEFNNN
1,CL21C472JAFNNN
1,CL21C472JBFNNN
1,CL21B392KBANNN
1,CL21C392JAANNN
1,CL21C392JBFNNN
1,CL21C392JCFNNN
1,CL21B332JBANNN
1,CL21C332JAFNNN
1,CL21C332JCFNNN
1,CL21B272KBANNN
1,CL21C272JBFNNN
1,CL21B222JBANNN
1,CL21B222KBANNN
1,CL21B222KBCNNN
1,CL21C222JBFNNN
1,CL21C222JCFNNN
1,CL21C222JEFNNN
1,CL21B202KBANNN
1,CL21C202JBFNNN
1,CL21B182KDCNNN
1,CL21C182JBFNNN
1,CL21B152KCANNN
1,CL21B122KBANNN
1,CL21C122JBFNNN
1,CL21B102JCANNN
1,CL21B102JDCNNN
1,CL21B102KBANNN
1,CL21B102KBCNNN
1,CL21B102KCANNN
1,CL21C102JBANNN
1,CL21C102JCANNN
1,CL21C102JCFNNN
1,CL21C102JDFNNN
1,CL21C102JEFNNN
1,CL21C911JBCNNN
1,CL21C751JBCNNN
1,CL21C681JBANNN
1,CL21C681JCCNNN
1,CL21C621JBCNNN
1,CL21C561JCCNNN
1,CL21B511KBANNN
1,CL21C511JBANNN
1,CL21B471JBANNN
1,CL21C431JBANNN
1,CL21C391JBANNN
1,CL21C361JBANNN
1,CL21B331JBANNN
1,CL21B331KCANNN
1,CL21C331JCANNN
1,CL21B301KBANNN
1,CL21C301JBANNN
1,CL21B271KCANNN
1,CL21C271JBANNN
1,CL21C271JCANNN
1,CL21C241JBANNN
1,CL21C221JBANNN
1,CL21C221JDCNNN
1,CL21B201KBANNN
1,CL21C201JBANNN
1,CL21B181KBANNN
1,CL21C181JBANNN
1,CL21C161JBANNN
1,CL21C151JBANNN
1,CL21C151JDCNNN
1,CL21C131JBANNN
1,CL21C121JDCNNN
1,CL21C111JBANNN
1,CL21C101JBANNN
1,CL21C101JCANNN
1,CL21C101JDCNNN
1,CL21C910JBANNN
1,CL21C750JBANNN
1,CL21C680JCANNN
1,CL21C620JBANNN
1,CL21C560JCANNN
1,CL21C510JBANNN
1,CL21C470JBANNN
1,CL21C470JCANNN
1,CL21C470JDCNNN
1,CL21C430JBANNN
1,CL21C390JBANNN
1,CL21C360JBANNN
1,CL21C330JBCNNN
1,CL21C330JDCNNN
1,CL21C300JCANNN
1,CL21C270JCANNN
1,CL21C250JBANNN
1,CL21C240JBANNN
1,CL21C220JBANNN
1,CL21C200JBANNN
1,CL21C180JCANNN
1,CL21C160JBANNN
1,CL21C140JBANNN
1,CL21C130JBANNN
1,CL21C120JBCNNN
1,CL21C120JCANNN
1,CL21C110JBANNN
1,CL31A107MQHNNN
1,CL31A107MQKNNN
1,CL31A476KQHNNN
1,CL31A476MPHNNN
1,CL31A476MQHNNN
1,CL31A226KAHNNN
1,CL31A226KOHNNN
1,CL31A226KPHNNN
1,CL31A226KQHNNN
1,CL31A226MAHNNN
1,CL31A226MOHNNN
1,CL31A226MPHNNN
1,CL31A226MQHNNN
1,CL31B226KPHNNN
1,CL31B226KQHNNN
1,CL31B226MPHNNN
1,CL31A106KAHNNN
1,CL31A106KBHNNN
1,CL31A106KOHNNN
1,CL31A106KPHNNN
1,CL31A106KQHNNN
1,CL31A106MAHNNN
1,CL31A106MBHNNN
1,CL31A106MOHNNN
1,CL31A106MQHNNN
1,CL31B106KAHNNN
1,CL31B106KBHNNN
1,CL31B106KLHNNN
1,CL31B106KOHNNN
1,CL31B106KPHNNN
1,CL31B106KQHNNN
1,CL31B106MOHNNN
1,CL31A475KAHNNN
1,CL31A475KBHNNN
1,CL31A475KOHNNN
1,CL31A475MOHNNN
1,CL31B475KAHNNN
1,CL31B475KBHNNN
1,CL31B475KOHNNN
1,CL31B475KPHNNN
1,CL31A335KAHNNN
1,CL31A335KOHNNN
1,CL31B335KOHNNN
1,CL31A225KOHNNN
1,CL31B225KAHNNN
1,CL31B225KBHNNN
1,CL31B225KOHNNN
1,CL31B225MOHNNN
1,CL31B155KOFNNN
1,CL31B125KPCNNN
1,CL31B105JAHNNN
1,CL31B105KAHNNN
1,CL31B105KBHNNN
1,CL31B105KCHNNN
1,CL31B105KOFNNN
1,CL31B105MAHNNN
1,CL31B105MOFNNN
1,CL31B684KAHNNN
1,CL31B684KOCNNN
1,CL31B474KBHNNN
1,CL31B474KOCNNN
1,CL31B474MBHNNN
1,CL31B334JBFNNN
1,CL31B334KACNNN
1,CL31B334KBFNNN
1,CL31B334KOCNNN
1,CL31B274KBFNNN
1,CL31B224KACNNN
1,CL31B224KBFNNN
1,CL31B224MBFNNN
1,CL31B154KBCNNN
1,CL31C124JOHNNN
1,CL31B104JCFNNN
1,CL31B104KBCNNN
1,CL31B104KCFNNN
1,CL31B104KEHNNN
1,CL31B104MBCNNN
1,CL31C104JAHNNN
1,CL31B683KBCNNN
1,CL31B473JBCNNN
1,CL31B473KBCNNN
1,CL31B473KEHNNN
1,CL31C473JAHNNN
1,CL31C473JBHNNN
1,CL31C393JAHNNN
1,CL31B333JBCNNN
1,CL31B333KCCNNN
1,CL31B333KDFNNN
1,CL31B333KEHNNN
1,CL31B333KGHNNN
1,CL31C333JBHNNN
1,CL31C273JBHNNN
1,CL31B223KCCNNN
1,CL31B223KGHNNN
1,CL31B223KHHNNN
1,CL31C223JBHNNN
1,CL31C223JCHNNN
1,CL31B153KCCNNN
1,CL31C153JOHNNN
1,CL31B103KHFNNN
1,CL31B103MBCNNN
1,CL31C103JAFNNN
1,CL31C103JCHNNN
1,CL31C103JHHNNN
1,CL31B822KBCNNN
1,CL31C822JEHNNN
1,CL31B682KBCNNN
1,CL31B682KGFNNN
1,CL31C682JBHNNN
1,CL31C682JEHNNN
1,CL31C562JEHNNN
1,CL31B472KHFNNN
1,CL31C472JEHNNN
1,CL31C392JBFNNN
1,CL31C392JCHNNN
1,CL31C392JEHNNN
1,CL31B332KBCNNN
1,CL31B332KCCNNN
1,CL31C332JBFNNN
1,CL31C332JHHNNN
1,CL31B272KBCNNN
1,CL31C272JHHNNN
1,CL31B222KCCNNN
1,CL31B222KIFNNN
1,CL31C222JBCNNN
1,CL31C222JCCNNN
1,CL31C222JEHNNN
1,CL31C222JGHNNN
1,CL31C222JHHNNN
1,CL31C182JBCNNN
1,CL31C182JHHNNN
1,CL31B152KBCNNN
1,CL31B152KGFNNN
1,CL31C152JBCNNN
1,CL31C152JCCNNN
1,CL31C152JHHNNN
1,CL31C122JBCNNN
1,CL31C122JHHNNN
1,CL31B102KBCNNN
1,CL31B102KDCNNN
1,CL31B102KGFNNN
1,CL31B102KIFNNN
1,CL31B102KJHNNN
1,CL31C102JDFNNN
1,CL31C102JHHNNN
1,CL31C102JIHNNN
1,CL31C821JBCNNN
1,CL31C821JGHNNN
1,CL31C821JHHNNN
1,CL31B681KBCNNN
1,CL31B681KGFNNN
1,CL31B681KHFNNN
1,CL31B681KIFNNN
1,CL31C681JBCNNN
1,CL31C681JCCNNN
1,CL31C681JGHNNN
1,CL31C681JHHNNN
1,CL31B561KBCNNN
1,CL31C561JBCNNN
1,CL31C561JCCNNN
1,CL31C561JGFNNN
1,CL31B471KDCNNN
1,CL31B471KGFNNN
1,CL31B471KHFNNN
1,CL31C471JCCNNN
1,CL31C471JGFNNN
1,CL31C471JHFNNN
1,CL31C471JIHNNN
1,CL31B391JBCNNN
1,CL31C391JBCNNN
1,CL31C391JGFNNN
1,CL31C391JHFNNN
1,CL31B331KBCNNN
1,CL31B331KHFNNN
1,CL31C331JBCNNN
1,CL31C331JCCNNN
1,CL31C331JHFNNN
1,CL31C331JIHNNN
1,CL31C271JBCNNN
1,CL31C271JCCNNN
1,CL31C271JGFNNN
1,CL31C271JHFNNN
1,CL31C271JIHNNN
1,CL31B221KBCNNN
1,CL31B221KGFNNN
1,CL31C221JBCNNN
1,CL31C221JCCNNN
1,CL31C221JDCNNN
1,CL31C221JGFNNN
1,CL31C221JHFNNN
1,CL31C221JIHNNN
1,CL31C181JBCNNN
1,CL31C181JGFNNN
1,CL31C181JHFNNN
1,CL31C181JIHNNN
1,CL31C151JCCNNN
1,CL31C151JGFNNN
1,CL31C151JHFNNN
1,CL31C151JIFNNN
1,CL31C121JBCNNN
1,CL31C121JGFNNN
1,CL31C121JHFNNN
1,CL31C101JGFNNN
1,CL31C101JHFNNN
1,CL31C101JIFNNN
1,CL31C101JJHNNN
1,CL31C820JBCNNN
1,CL31C750JBCNNN
1,CL31C680JGFNNN
1,CL31C680JHFNNN
1,CL31C680JIFNNN
1,CL31C560JBCNNN
1,CL31C510JBCNNN
1,CL31C470JCCNNN
1,CL31C470JGFNNN
1,CL31C470JHFNNN
1,CL31C470JIFNNN
1,CL31C470JJHNNN
1,CL31C390JBCNNN
1,CL31C390JGFNNN
1,CL31C330JGFNNN
1,CL31C330JHFNNN
1,CL31C330JIFNNN
1,CL31C300JBCNNN
1,CL31C270JBCNNN
1,CL31C270JCCNNN
1,CL31C270JHFNNN
1,CL31C220JBCNNN
1,CL31C220JCCNNN
1,CL31C220JGFNNN
1,CL31C220JHFNNN
1,CL31C220JIFNNN
1,CL31C200JBCNNN
1,CL31C200JCCNNN
1,CL31C180JBCNNN
1,CL31C150JBCNNN
1,CL31C150JHFNNN
1,CL31C150JJHNNN
1,CL31C120JBCNNN
1,CL31C100JBCNNN
1,CL31C100JGFNNN
1,CL31C100JHFNNN
1,CL31C100JIFNNN
1,CL32A227MQVNNN
1,CL32A157MQVNNN
1,CL32A107MPVNNN
1,CL32A107MQVNNN
1,CL32A476KOJNNN
1,CL32A476KPJNNN
1,CL32A476KQJNNN
1,CL32A476MOJNNN
1,CL32A476MQJNNN
1,CL32B476KPJNNN
1,CL32B476MPJNNN
1,CL32B476MQJNNN
1,CL32A226KAJNNN
1,CL32A226KOJNNN
1,CL32A226KPJNNN
1,CL32A226KQJNNN
1,CL32A226MAJNNN
1,CL32A226MOJNNN
1,CL32A226MPJNNN
1,CL32A226MQJNNN
1,CL32B226KAJNNN
1,CL32B226KOJNNN
1,CL32B226KPJNNN
1,CL32B226MOJNNN
1,CL32A106KAJNNN
1,CL32A106KBJNNN
1,CL32A106KOJNNN
1,CL32A106KPINNN
1,CL32A106MBJNNN
1,CL32A106MOJNNN
1,CL32B106KAJNNN
1,CL32B106KBJNNN
1,CL32B106KLJNNN
1,CL32B106KOJNNN
1,CL32B106KPINNN
1,CL32B475KBJNNN
1,CL32B225KAINNN
1,CL32B225KBJNNN
1,CL32B105KAFNNN
1,CL32B105KBHNNN
1,CL32B105KCJNNN
1,CL32B105MBHNNN
1,CL32B474KBFNNN
1,CL32B154KBFNNN
1,CL32B104KEJNNN
1,CL32C473JCJNNN
1,CL32C333JCJNNN
1,CL32C333JHJNNN
1,CL32C273JHJNNN
1,CL32C223JBHNNN
1,CL32C223JHJNNN
1,CL32C113JBHNNN
1,CL32B103KGFNNN
1,CL32C103JAFNNN
1,CL32C822JHJNNN
1,CL32C682JBFNNN
1,CL32C472JBFNNN
1,CL32C332JBFNNN
1,CL32C182JBFNNN
1,CL32C182JGHNNN
1,CL32C182JHHNNN
1,CL32C681JGFNNN
1,CL32C101JJFNNN
