1,CL02A474MQ2NNNC
1,CL02A224MQ2NNNC
1,CL02A224MR2NNNC
1,CL02A104KQ2NNNC
1,CL02A104MQ2NNNC
1,CL02A104MR2NNNC
1,CL02A103KP2NNNC
1,CL02A103KQ2NNNC
1,CL02A222KQ2NNNC
1,CL02A102KP2NNNC
1,CL02A102KQ2NNNC
1,CL02B102KP2NNNC
1,CL02B471KP2NNNC
1,CL02B331KO2NNNC
1,CL02B221KP2NNNC
1,CL02C221JA2NNNC
1,CL02B121KP2NNNC
1,CL02B101KP2NNNC
1,CL02C101JA2NNNC
1,CL02C101JB2NNNC
1,CL02C101JO2NNNC
1,CL02C101JQ2NNNC
1,CL02C910JA2NNNC
1,CL02C910JO2NNNC
1,CL02C820JA2NNNC
1,CL02C820JO2NNNC
1,CL02C750JA2NNNC
1,CL02C750JO2NNNC
1,CL02C680JA2NNNC
1,CL02C680JO2NNNC
1,CL02C620JA2NNNC
1,CL02C620JO2NNNC
1,CL02C560JA2NNNC
1,CL02C560JO2NNNC
1,CL02C510JA2NNNC
1,CL02C510JO2NNNC
1,CL02C470JA2NNNC
1,CL02C430JA2NNNC
1,CL02C430JO2NNNC
1,CL02C390JA2NNNC
1,CL02C390JO2NNNC
1,CL02C360JA2NNNC
1,CL02C360JO2NNNC
1,CL02C330JA2NNNC
1,CL02C330JO2NNNC
1,CL02C300JA2NNNC
1,CL02C300JO2NNNC
1,CL02C270JA2NNNC
1,CL02C270JO2NNNC
1,CL02C240JA2NNNC
1,CL02C240JO2NNNC
1,CL02C220JA2NNNC
1,CL02C220JO2NNNC
1,CL02C200JA2NNNC
1,CL02C200JO2NNNC
1,CL02C180JA2NNNC
1,CL02C180JO2NNNC
1,CL02C160JA2NNNC
1,CL02C160JO2NNNC
1,CL02C150JA2NNNC
1,CL02C130JA2NNNC
1,CL02C130JO2NNNC
1,CL02C120JA2NNNC
1,CL02C110JA2NNNC
1,CL02C110JO2NNNC
1,CL02C100JA2NNNC
1,CL02C100JO2NNNC
1,CL03A474KP3NNNC
1,CL03A474KQ3NNNC
1,CL03A474MQ3NNNC
1,CL03A224KP3NNNC
1,CL03A224KQ3NNNC
1,CL03A224MQ3NNNC
1,CL03A104KA3NNNC
1,CL03A104KL3NNNC
1,CL03A104KO3NNNC
1,CL03A104KP3NNNC
1,CL03A104KQ3NNNC
1,CL03A104MA3NNNC
1,CL03A104MO3NNNC
1,CL03A104MP3NNNC
1,CL03A104MQ3NNNC
1,CL03A683KQ3NNNC
1,CL03A473KP3NNNC
1,CL03A473KQ3NNNC
1,CL03A223KA3NNNC
1,CL03A223KQ3NNNC
1,CL03A153KQ3NNNC
1,CL03A103KA3NNNC
1,CL03A103KP3NNNC
1,CL03B103KO3NNNC
1,CL03B103KP3NNNC
1,CL03B103KQ3NNNC
1,CL03B682KP3NNNC
1,CL03A472KA3NNNC
1,CL03A472KP3NNNC
1,CL03B472KQ3NNNC
1,CL03B332KP3NNNC
1,CL03A222KP3NNNC
1,CL03B152KP3NNNC
1,CL03B102JA3NNNC
1,CL03B102KA3NNNC
1,CL03B102KO3NNNC
1,CL03B821KO3NNNC
1,CL03B681KA3NNNC
1,CL03B561KO3NNNC
1,CL03B471KA3NNNC
1,CL03B471KO3NNNC
1,CL03B331KA3NNNC
1,CL03B271KO3NNNC
1,CL03B221KA3NNNC
1,CL03B221KO3NNNC
1,CL03B151KA3NNNC
1,CL03B151KO3NNNC
1,CL03C101JA3NNNC
1,CL03C101JB3NNNC
1,CL03C101JC3NNNC
1,CL03C820JA3NNNC
1,CL03C680JA3NNNC
1,CL03C560JA3NNNC
1,CL03C470JA3NNNC
1,CL03C470JB3NNNC
1,CL03C390GB3NNNC
1,CL03C390JA3NNNC
1,CL03C390JB3NNNC
1,CL03C330JA3NNNC
1,CL03C330JB3NNNC
1,CL03C300JA3NNNC
1,CL03C270JA3NNNC
1,CL03C270JB3NNNC
1,CL03C220JA3NNNC
1,CL03C220JB3NNNC
1,CL03C200JA3NNNC
1,CL03C180JA3NNNC
1,CL03C150JA3NNNC
1,CL03C150JB3NNNC
1,CL03C120JA3NNNC
1,CL03C120JB3NNNC
1,CL03C110JA3NNNC
1,CL03C100JA3NNNC
1,CL03C100JB3NNNC
1,CL05A225KP5NNNC
1,CL05A225KQ5NNNC
1,CL05A225MP5NNNC
1,CL05A225MQ5NNNC
1,CL05A225MR5NNNC
1,CL05A105JQ5NNNC
1,CL05A105KA5NNNC
1,CL05A105KO5NNNC
1,CL05A105KP5NNNC
1,CL05A105KQ5NNNC
1,CL05A105MQ5NNNC
1,CL05A474KA5NNNC
1,CL05A474KO5NNNC
1,CL05A474KP5NNNC
1,CL05A474KQ5NNNC
1,CL05B474KP5NNNC
1,CL05B474KQ5NNNC
1,CL05A334KA5NNNC
1,CL05A334KQ5NNNC
1,CL05A334MQ5NNNC
1,CL05A224KA5NNNC
1,CL05A224KO5NNNC
1,CL05A224KP5NNNC
1,CL05A224KQ5NNNC
1,CL05A224MP5NNNC
1,CL05B224KO5NNNC
1,CL05B224KP5NNNC
1,CL05A154KP5NNNC
1,CL05A104JO5NNNC
1,CL05A104KA5NNNC
1,CL05A104KO5NNNC
1,CL05A104KP5NNNC
1,CL05A104KQ5NNNC
1,CL05A104MO5NNNC
1,CL05B104JO5NNNC
1,CL05B104KA5NNNC
1,CL05B104KB5NNNC
1,CL05B104KO5NNNC
1,CL05B104KP5NNNC
1,CL05B104KQ5NNNC
1,CL05B104MO5NNNC
1,CL05B104MP5NNNC
1,CL05B823KP5NNNC
1,CL05B683KO5NNNC
1,CL05B683KP5NNNC
1,CL05B473JO5NNNC
1,CL05B473KA5NNNC
1,CL05B473KO5NNNC
1,CL05B473KP5NNNC
1,CL05B333JO5NNNC
1,CL05B333KO5NNNC
1,CL05B273KO5NNNC
1,CL05B273KP5NNNC
1,CL05B223JO5NNNC
1,CL05B223KA5NNNC
1,CL05B223KB5NNNC
1,CL05B223KO5NNNC
1,CL05B223KP5NNNC
1,CL05B183KA5NNNC
1,CL05B153KB5NNNC
1,CL05B103JO5NNNC
1,CL05B103KA5NNNC
1,CL05B103KB5NNNC
1,CL05B103KO5NNNC
1,CL05B822KA5NNNC
1,CL05B822KB5NNNC
1,CL05B822KO5NNNC
1,CL05B682JB5NNNC
1,CL05B682KA5NNNC
1,CL05B682KB5NNNC
1,CL05B562KA5NNNC
1,CL05B562KB5NNNC
1,CL05B472JB5NNNC
1,CL05B472KA5NNNC
1,CL05B472KB5NNNC
1,CL05B392KB5NNNC
1,CL05B332JA5NNNC
1,CL05B332KB5NNNC
1,CL05B272KB5NNNC
1,CL05B222JB5NNNC
1,CL05B222KB5NNNC
1,CL05B182KB5NNNC
1,CL05B152JB5NNNC
1,CL05B152KA5NNNC
1,CL05B152KB5NNNC
1,CL05B122JB5NNNC
1,CL05B102JB5NNNC
1,CL05B102KB5NNNC
1,CL05C102JB5NNNC
1,CL05C102JC5NNNC
1,CL05C102JO5NNNC
1,CL05B821KO5NNNC
1,CL05C821JB5NNNC
1,CL05B681JB5NNNC
1,CL05B681KB5NNNC
1,CL05C681JB5NNNC
1,CL05B561JB5NNNC
1,CL05B561KA5NNNC
1,CL05C561JA5NNNC
1,CL05B471KB5NNNC
1,CL05C471JB5NNNC
1,CL05B391KB5NNNC
1,CL05C391JB5NNNC
1,CL05B331JB5NNNC
1,CL05B331KB5NNNC
1,CL05C331JB5NNNC
1,CL05B301KB5NNNC
1,CL05C271JB5NNNC
1,CL05B221JB5NNNC
1,CL05B221KB5NNNC
1,CL05C221JB5NNNC
1,CL05C221JC5NNNC
1,CL05C221JO5NNNC
1,CL05C201JB5NNNC
1,CL05B181KB5NNNC
1,CL05C181JA5NNNC
1,CL05C181JB5NNNC
1,CL05C161JB5NNNC
1,CL05B151KB5NNNC
1,CL05C151JB5NNNC
1,CL05C131JB5NNNC
1,CL05C121JB5NNNC
1,CL05C101JB5NNNC
1,CL05C101JC5NNNC
1,CL05C101JO5NNNC
1,CL05C910JB5NNNC
1,CL05C820JA5NNNC
1,CL05C820JB5NNNC
1,CL05C820JC5NNNC
1,CL05C750JB5NNNC
1,CL05C680JB5NNNC
1,CL05C680JC5NNNC
1,CL05C620JB5NNNC
1,CL05C560JA5NNNC
1,CL05C560JB5NNNC
1,CL05C470JB5NNNC
1,CL05C470JC5NNNC
1,CL05C430JB5NNNC
1,CL05C390JB5NNNC
1,CL05C390JC5NNNC
1,CL05C360JB5NNNC
1,CL05C330JB5NNNC
1,CL05C330JC5NNNC
1,CL05C300JC5NNNC
1,CL05C270JA5NNNC
1,CL05C270JB5NNNC
1,CL05C270JC5NNNC
1,CL05C240JB5NNNC
1,CL05C220JA5NNNC
1,CL05C220JB5NNNC
1,CL05C200JA5NNNC
1,CL05C190JB5NNNC
1,CL05C180GB5NNNC
1,CL05C180JB5NNNC
1,CL05C180JC5NNNC
1,CL05C170JB5NNNC
1,CL05C150JB5NNNC
1,CL05C150JC5NNNC
1,CL05C120JB5NNNC
1,CL05C120JC5NNNC
1,CL05C110JB5NNNC
1,CL05C100DB5NNNC
1,CL05C100JB5NNNC
1,CL05C090DB5NNNC
1,CL05C8R2CB5NNNC
1,CL05C6R8CB5NNNC
1,CL05C3R9CB5NNNC
1,CL05C3R3CB5NNNC
1,CL05C010CB5NNNC
1,CL10A106KP8NNNC
1,CL10A106KQ8NNNC
1,CL10A106MQ8NNNC
1,CL10A475KP8NNNC
1,CL10A475KQ8NNNC
1,CL10A475MO8NNNC
1,CL10A475MQ8NNNC
1,CL10A335KP8NNNC
1,CL10A225KA8NNNC
1,CL10A225KL8NNNC
1,CL10A225KO8NNNC
1,CL10A225KP8NNNC
1,CL10A225KQ8NNNC
1,CL10A225MP8NNNC
1,CL10B225KP8NNNC
1,CL10B225KQ8NNNC
1,CL10A105KA8NNNC
1,CL10A105KB8NNNC
1,CL10A105KL8NNNC
1,CL10A105KO8NNNC
1,CL10A105KP8NNNC
1,CL10A105KQ8NNNC
1,CL10A105MB8NNNC
1,CL10A105MO8NNNC
1,CL10B105KA8NNNC
1,CL10B105KO8NNNC
1,CL10B105KP8NNNC
1,CL10B105KQ8NNNC
1,CL10B684KQ8NNNC
1,CL10A474KA8NNNC
1,CL10A474KB8NNNC
1,CL10A474KO8NNNC
1,CL10B474KA8NNNC
1,CL10B474KO8NNNC
1,CL10B474KP8NNNC
1,CL10B474KQ8NNNC
1,CL10B334KO8NNNC
1,CL10B334KP8NNNC
1,CL10A224KB8NNNC
1,CL10A224KP8NNNC
1,CL10B224JO8NNNC
1,CL10B224JP8NNNC
1,CL10B224KA8NNNC
1,CL10B224KB8NNNC
1,CL10B224KO8NNNC
1,CL10B154KO8NNNC
1,CL10A104KA8NNNC
1,CL10B104JA8NNNC
1,CL10B104JB8NNNC
1,CL10B104KA8NNNC
1,CL10B104KB8NNNC
1,CL10B104KC8NNNC
1,CL10B104KO8NNNC
1,CL10B104MB8NNNC
1,CL10B823KO8NNNC
1,CL10B683KA8NNNC
1,CL10B683KB8NNNC
1,CL10B563KA8NNNC
1,CL10B563KO8NNNC
1,CL10B473JB8NNNC
1,CL10B473JO8NNNC
1,CL10B473KB8NNNC
1,CL10B473KO8NNNC
1,CL10B393KB8NNNC
1,CL10B393KO8NNNC
1,CL10B333KB8NNNC
1,CL10B273KA8NNNC
1,CL10B273KB8NNNC
1,CL10B273KO8NNNC
1,CL10B223KB8NNNC
1,CL10B223KO8NNNC
1,CL10B203KB8NNNC
1,CL10B183JB8NNNC
1,CL10B153KB8NNNC
1,CL10B153KO8NNNC
1,CL10B123KB8NNNC
1,CL10B103KA8NNNC
1,CL10B103KB8NNNC
1,CL10B103KC8NNNC
1,CL10B103KO8NNNC
1,CL10B103MB8NNNC
1,CL10B682JB8NNNC
1,CL10B682KB8NNNC
1,CL10B562JB8NNNC
1,CL10B562KB8NNNC
1,CL10C562JB8NNNC
1,CL10B472KA8NNNC
1,CL10B472KB8NNNC
1,CL10B472KC8NNNC
1,CL10C472JA8NNNC
1,CL10C472JB8NNNC
1,CL10B392KB8NNNC
1,CL10C392JA8NNNC
1,CL10C392JC8NNNC
1,CL10B332KB8NNNC
1,CL10B332KC8NNNC
1,CL10B332MB8NNNC
1,CL10C332JA8NNNC
1,CL10C332JB8NNNC
1,CL10B272JB8NNNC
1,CL10B272KB8NNNC
1,CL10C272JB8NNNC
1,CL10B222KB8NNNC
1,CL10C222JA8NNNC
1,CL10C222JB8NNNC
1,CL10C222JO8NNNC
1,CL10B202KB8NNNC
1,CL10C182JB8NNNC
1,CL10C182JO8NNNC
1,CL10B152KB8NNNC
1,CL10B152KC8NNNC
1,CL10C152JB8NNNC
1,CL10B122KB8NNNC
1,CL10C122JB8NNNC
1,CL10B102KB8NNNC
1,CL10B102KC8NNNC
1,CL10C102JA8NNNC
1,CL10C102JB8NNNC
1,CL10C102JC8NNNC
1,CL10C102JO8NNNC
1,CL10C821JA8NNNC
1,CL10C751JB8NNNC
1,CL10B681JB8NNNC
1,CL10C681JA8NNNC
1,CL10C681JB8NNNC
1,CL10C621JB8NNNC
1,CL10B561JB8NNNC
1,CL10C561JA8NNNC
1,CL10C561JB8NNNC
1,CL10B511KB8NNNC
1,CL10C511JB8NNNC
1,CL10B471JB8NNNC
1,CL10B471KB8NNNC
1,CL10C471JB8NNNC
1,CL10C471JC8NNNC
1,CL10C471JE8NNNC
1,CL10C431JB8NNNC
1,CL10B391KB8NNNC
1,CL10C361JB8NNNC
1,CL10B331JB8NNNC
1,CL10B331KB8NNNC
1,CL10C331JB8NNNC
1,CL10C331JC8NNNC
1,CL10C271JB8NNNC
1,CL10C271JC8NNNC
1,CL10C241JB8NNNC
1,CL10B221JB8NNNC
1,CL10B221KB8NNNC
1,CL10C221JB8NNNC
1,CL10C221JD8NNNC
1,CL10C221KD8NNNC
1,CL10B201KB8NNNC
1,CL10C201JB8NNNC
1,CL10C181JB8NNNC
1,CL10C161JB8NNNC
1,CL10B151KB8NNNC
1,CL10C151JB8NNNC
1,CL10C151JC8NNNC
1,CL10B121KB8NNNC
1,CL10C121JB8NNNC
1,CL10C111JB8NNNC
1,CL10C101JB8NNNC
1,CL10C101JC8NNNC
1,CL10C910JB8NNNC
1,CL10C680JB8NNNC
1,CL10C680JC8NNNC
1,CL10C620JB8NNNC
1,CL10C560JB8NNNC
1,CL10C510JB8NNNC
1,CL10C470JB8NNNC
1,CL10C470JC8NNNC
1,CL10C430JB8NNNC
1,CL10C390JC8NNNC
1,CL10C330JB8NNNC
1,CL10C270JB8NNNC
1,CL10C250JB8NNNC
1,CL10C220JB8NNNC
1,CL10C200JB8NNNC
1,CL10C180JB8NNNC
1,CL10C180JC8NNNC
1,CL10C150JB8NNNC
1,CL10C140JB8NNNC
1,CL10C130JB8NNNC
1,CL10C120JB8NNNC
1,CL10C120JC8NNNC
1,CL10C110JB8NNNC
1,CL10C100FB8NNNC
1,CL10C100JB8NNNC
1,CL10C100JC8NNNC
1,CL10C4R7BB8NNNC
1,CL21A107MRYNNNC
1,CL21A476MQYNNNC
1,CL21A476MRYNNNC
1,CL21A226KQQNNNC
1,CL21A226MAYNNNC
1,CL21A226MOYNNNC
1,CL21A226MPQNNNC
1,CL21A226MQQNNNC
1,CL21A106KAYNNNC
1,CL21A106KOFNNNC
1,CL21A106KOQNNNC
1,CL21A106KPFNNNC
1,CL21A106KQFNNNC
1,CL21A106MAYNNNC
1,CL21A106MOFNNNC
1,CL21A106MPFNNNC
1,CL21A106MQFNNNC
1,CL21A106MQQNNNC
1,CL21B106KOQNNNC
1,CL21B106KPQNNNC
1,CL21B106KQQNNNC
1,CL21A475KAQNNNC
1,CL21A475KBQNNNC
1,CL21A475KOFNNNC
1,CL21A475KPFNNNC
1,CL21A475KQFNNNC
1,CL21A475MAFNNNC
1,CL21A475MAQNNNC
1,CL21A475MPFNNNC
1,CL21A475MQFNNNC
1,CL21B475KAFNNNC
1,CL21B475MAFNNNC
1,CL21A335KPFNNNC
1,CL21B335KPFNNNC
1,CL21A225KAFNNNC
1,CL21A225KBFNNNC
1,CL21A225KBQNNNC
1,CL21A225KOFNNNC
1,CL21A225KPFNNNC
1,CL21B225KOFNNNC
1,CL21B225KPFNNNC
1,CL21B225MAFNNNC
1,CL21A105KPFNNNC
1,CL21B105KAFNNNC
1,CL21B105KBFNNNC
1,CL21B105KOFNNNC
1,CL21B105KPFNNNC
1,CL21B105MAFNNNC
1,CL21B105MBFNNNC
1,CL21B105MOFNNNC
1,CL21B105MPFNNNC
1,CL21B684JOFNNNC
1,CL21B684KBFNNNC
1,CL21B684KPFNNNC
1,CL21B474JAFNNNC
1,CL21B474KAFNNNC
1,CL21B474KBFNNNC
1,CL21B474KOFNNNC
1,CL21B474MAFNNNC
1,CL21B334KBFNNNC
1,CL21B334KOCNNNC
1,CL21B334MBFNNNC
1,CL21B274KOCNNNC
1,CL21B224JAFNNNC
1,CL21B224KAFNNNC
1,CL21B224KBFNNNC
1,CL21B224KOFNNNC
1,CL21B224MAFNNNC
1,CL21B184KOANNNC
1,CL21B154KBFNNNC
1,CL21B154KOANNNC
1,CL21B124JACNNNC
1,CL21B124KACNNNC
1,CL21B124KBFNNNC
1,CL21B104KACNNNC
1,CL21B104KAFNNNC
1,CL21B104KBCNNNC
1,CL21B104KBFNNNC
1,CL21B104KCFNNNC
1,CL21B104KOANNNC
1,CL21B104MACNNNC
1,CL21B104MBFNNNC
1,CL21B823KBCNNNC
1,CL21B823KBFNNNC
1,CL21B683JBCNNNC
1,CL21B683KBFNNNC
1,CL21B683KCFNNNC
1,CL21B563KBCNNNC
1,CL21B473KBCNNNC
1,CL21B473KCFNNNC
1,CL21B473MBCNNNC
1,CL21B393KBANNNC
1,CL21B333KCFNNNC
1,CL21B273KBANNNC
1,CL21B223JBANNNC
1,CL21B223KBANNNC
1,CL21B223KCFNNNC
1,CL21B203KBANNNC
1,CL21B183KBANNNC
1,CL21B153JBANNNC
1,CL21B153KCCNNNC
1,CL21C153JBFNNNC
1,CL21B103JBCNNNC
1,CL21B103KAANNNC
1,CL21B103KBANNNC
1,CL21B103KBCNNNC
1,CL21B103KCANNNC
1,CL21B103KDCNNNC
1,CL21B103KEFNNNC
1,CL21B103MBANNNC
1,CL21C103JAFNNNC
1,CL21C103JBFNNNC
1,CL21B822KBANNNC
1,CL21C822JAFNNNC
1,CL21C822JBFNNNC
1,CL21B682KCANNNC
1,CL21C682JACNNNC
1,CL21C682JBFNNNC
1,CL21B562JBANNNC
1,CL21B562KBANNNC
1,CL21C562JBFNNNC
1,CL21B472KBANNNC
1,CL21B472KDCNNNC
1,CL21B472KEFNNNC
1,CL21C472JAFNNNC
1,CL21C472JBFNNNC
1,CL21B392KBANNNC
1,CL21C392JAANNNC
1,CL21C392JBFNNNC
1,CL21C392JCFNNNC
1,CL21B332JBANNNC
1,CL21C332JAFNNNC
1,CL21C332JCFNNNC
1,CL21B272KBANNNC
1,CL21C272JBFNNNC
1,CL21B222JBANNNC
1,CL21B222KBANNNC
1,CL21B222KBCNNNC
1,CL21C222JBFNNNC
1,CL21C222JCFNNNC
1,CL21C222JEFNNNC
1,CL21B202KBANNNC
1,CL21C202JBFNNNC
1,CL21B182KDCNNNC
1,CL21C182JBFNNNC
1,CL21B152KCANNNC
1,CL21B122KBANNNC
1,CL21C122JBFNNNC
1,CL21B102JCANNNC
1,CL21B102JDCNNNC
1,CL21B102KBANNNC
1,CL21B102KBCNNNC
1,CL21B102KCANNNC
1,CL21C102JBANNNC
1,CL21C102JCANNNC
1,CL21C102JCFNNNC
1,CL21C102JDFNNNC
1,CL21C102JEFNNNC
1,CL21C911JBCNNNC
1,CL21C751JBCNNNC
1,CL21C681JBANNNC
1,CL21C681JCCNNNC
1,CL21C621JBCNNNC
1,CL21C561JCCNNNC
1,CL21B511KBANNNC
1,CL21C511JBANNNC
1,CL21B471JBANNNC
1,CL21C431JBANNNC
1,CL21C391JBANNNC
1,CL21C361JBANNNC
1,CL21B331JBANNNC
1,CL21B331KCANNNC
1,CL21C331JCANNNC
1,CL21B301KBANNNC
1,CL21C301JBANNNC
1,CL21B271KCANNNC
1,CL21C271JBANNNC
1,CL21C271JCANNNC
1,CL21C241JBANNNC
1,CL21C221JBANNNC
1,CL21C221JDCNNNC
1,CL21B201KBANNNC
1,CL21C201JBANNNC
1,CL21B181KBANNNC
1,CL21C181JBANNNC
1,CL21C161JBANNNC
1,CL21C151JBANNNC
1,CL21C151JDCNNNC
1,CL21C131JBANNNC
1,CL21C121JDCNNNC
1,CL21C111JBANNNC
1,CL21C101JBANNNC
1,CL21C101JCANNNC
1,CL21C101JDCNNNC
1,CL21C910JBANNNC
1,CL21C750JBANNNC
1,CL21C680JCANNNC
1,CL21C620JBANNNC
1,CL21C560JCANNNC
1,CL21C510JBANNNC
1,CL21C470JBANNNC
1,CL21C470JCANNNC
1,CL21C470JDCNNNC
1,CL21C430JBANNNC
1,CL21C390JBANNNC
1,CL21C360JBANNNC
1,CL21C330JBCNNNC
1,CL21C330JDCNNNC
1,CL21C300JCANNNC
1,CL21C270JCANNNC
1,CL21C250JBANNNC
1,CL21C240JBANNNC
1,CL21C220JBANNNC
1,CL21C200JBANNNC
1,CL21C180JCANNNC
1,CL21C160JBANNNC
1,CL21C140JBANNNC
1,CL21C130JBANNNC
1,CL21C120JBCNNNC
1,CL21C120JCANNNC
1,CL21C110JBANNNC
1,CL31A107MQHNNNC
1,CL31A107MQKNNNC
1,CL31A476KQHNNNC
1,CL31A476MPHNNNC
1,CL31A476MQHNNNC
1,CL31A226KAHNNNC
1,CL31A226KOHNNNC
1,CL31A226KPHNNNC
1,CL31A226KQHNNNC
1,CL31A226MAHNNNC
1,CL31A226MOHNNNC
1,CL31A226MPHNNNC
1,CL31A226MQHNNNC
1,CL31B226KPHNNNC
1,CL31B226KQHNNNC
1,CL31B226MPHNNNC
1,CL31A106KAHNNNC
1,CL31A106KBHNNNC
1,CL31A106KOHNNNC
1,CL31A106KPHNNNC
1,CL31A106KQHNNNC
1,CL31A106MAHNNNC
1,CL31A106MBHNNNC
1,CL31A106MOHNNNC
1,CL31A106MQHNNNC
1,CL31B106KAHNNNC
1,CL31B106KBHNNNC
1,CL31B106KLHNNNC
1,CL31B106KOHNNNC
1,CL31B106KPHNNNC
1,CL31B106KQHNNNC
1,CL31B106MOHNNNC
1,CL31A475KAHNNNC
1,CL31A475KBHNNNC
1,CL31A475KOHNNNC
1,CL31A475MOHNNNC
1,CL31B475KAHNNNC
1,CL31B475KBHNNNC
1,CL31B475KOHNNNC
1,CL31B475KPHNNNC
1,CL31A335KAHNNNC
1,CL31A335KOHNNNC
1,CL31B335KOHNNNC
1,CL31A225KOHNNNC
1,CL31B225KAHNNNC
1,CL31B225KBHNNNC
1,CL31B225KOHNNNC
1,CL31B225MOHNNNC
1,CL31B155KOFNNNC
1,CL31B125KPCNNNC
1,CL31B105JAHNNNC
1,CL31B105KAHNNNC
1,CL31B105KBHNNNC
1,CL31B105KCHNNNC
1,CL31B105KOFNNNC
1,CL31B105MAHNNNC
1,CL31B105MOFNNNC
1,CL31B684KAHNNNC
1,CL31B684KOCNNNC
1,CL31B474KBHNNNC
1,CL31B474KOCNNNC
1,CL31B474MBHNNNC
1,CL31B334JBFNNNC
1,CL31B334KACNNNC
1,CL31B334KBFNNNC
1,CL31B334KOCNNNC
1,CL31B274KBFNNNC
1,CL31B224KACNNNC
1,CL31B224KBFNNNC
1,CL31B224MBFNNNC
1,CL31B154KBCNNNC
1,CL31C124JOHNNNC
1,CL31B104JCFNNNC
1,CL31B104KBCNNNC
1,CL31B104KCFNNNC
1,CL31B104KEHNNNC
1,CL31B104MBCNNNC
1,CL31C104JAHNNNC
1,CL31B683KBCNNNC
1,CL31B473JBCNNNC
1,CL31B473KBCNNNC
1,CL31B473KEHNNNC
1,CL31C473JAHNNNC
1,CL31C473JBHNNNC
1,CL31C393JAHNNNC
1,CL31B333JBCNNNC
1,CL31B333KCCNNNC
1,CL31B333KDFNNNC
1,CL31B333KEHNNNC
1,CL31B333KGHNNNC
1,CL31C333JBHNNNC
1,CL31C273JBHNNNC
1,CL31B223KCCNNNC
1,CL31B223KGHNNNC
1,CL31B223KHHNNNC
1,CL31C223JBHNNNC
1,CL31C223JCHNNNC
1,CL31B153KCCNNNC
1,CL31C153JOHNNNC
1,CL31B103KHFNNNC
1,CL31B103MBCNNNC
1,CL31C103JAFNNNC
1,CL31C103JCHNNNC
1,CL31C103JHHNNNC
1,CL31B822KBCNNNC
1,CL31C822JEHNNNC
1,CL31B682KBCNNNC
1,CL31B682KGFNNNC
1,CL31C682JBHNNNC
1,CL31C682JEHNNNC
1,CL31C562JEHNNNC
1,CL31B472KHFNNNC
1,CL31C472JEHNNNC
1,CL31C392JBFNNNC
1,CL31C392JCHNNNC
1,CL31C392JEHNNNC
1,CL31B332KBCNNNC
1,CL31B332KCCNNNC
1,CL31C332JBFNNNC
1,CL31C332JHHNNNC
1,CL31B272KBCNNNC
1,CL31C272JHHNNNC
1,CL31B222KCCNNNC
1,CL31B222KIFNNNC
1,CL31C222JBCNNNC
1,CL31C222JCCNNNC
1,CL31C222JEHNNNC
1,CL31C222JGHNNNC
1,CL31C222JHHNNNC
1,CL31C182JBCNNNC
1,CL31C182JHHNNNC
1,CL31B152KBCNNNC
1,CL31B152KGFNNNC
1,CL31C152JBCNNNC
1,CL31C152JCCNNNC
1,CL31C152JHHNNNC
1,CL31C122JBCNNNC
1,CL31C122JHHNNNC
1,CL31B102KBCNNNC
1,CL31B102KDCNNNC
1,CL31B102KGFNNNC
1,CL31B102KIFNNNC
1,CL31B102KJHNNNC
1,CL31C102JDFNNNC
1,CL31C102JHHNNNC
1,CL31C102JIHNNNC
1,CL31C821JBCNNNC
1,CL31C821JGHNNNC
1,CL31C821JHHNNNC
1,CL31B681KBCNNNC
1,CL31B681KGFNNNC
1,CL31B681KHFNNNC
1,CL31B681KIFNNNC
1,CL31C681JBCNNNC
1,CL31C681JCCNNNC
1,CL31C681JGHNNNC
1,CL31C681JHHNNNC
1,CL31B561KBCNNNC
1,CL31C561JBCNNNC
1,CL31C561JCCNNNC
1,CL31C561JGFNNNC
1,CL31B471KDCNNNC
1,CL31B471KGFNNNC
1,CL31B471KHFNNNC
1,CL31C471JCCNNNC
1,CL31C471JGFNNNC
1,CL31C471JHFNNNC
1,CL31C471JIHNNNC
1,CL31B391JBCNNNC
1,CL31C391JBCNNNC
1,CL31C391JGFNNNC
1,CL31C391JHFNNNC
1,CL31B331KBCNNNC
1,CL31B331KHFNNNC
1,CL31C331JBCNNNC
1,CL31C331JCCNNNC
1,CL31C331JHFNNNC
1,CL31C331JIHNNNC
1,CL31C271JBCNNNC
1,CL31C271JCCNNNC
1,CL31C271JGFNNNC
1,CL31C271JHFNNNC
1,CL31C271JIHNNNC
1,CL31B221KBCNNNC
1,CL31B221KGFNNNC
1,CL31C221JBCNNNC
1,CL31C221JCCNNNC
1,CL31C221JDCNNNC
1,CL31C221JGFNNNC
1,CL31C221JHFNNNC
1,CL31C221JIHNNNC
1,CL31C181JBCNNNC
1,CL31C181JGFNNNC
1,CL31C181JHFNNNC
1,CL31C181JIHNNNC
1,CL31C151JCCNNNC
1,CL31C151JGFNNNC
1,CL31C151JHFNNNC
1,CL31C151JIFNNNC
1,CL31C121JBCNNNC
1,CL31C121JGFNNNC
1,CL31C121JHFNNNC
1,CL31C101JGFNNNC
1,CL31C101JHFNNNC
1,CL31C101JIFNNNC
1,CL31C101JJHNNNC
1,CL31C820JBCNNNC
1,CL31C750JBCNNNC
1,CL31C680JGFNNNC
1,CL31C680JHFNNNC
1,CL31C680JIFNNNC
1,CL31C560JBCNNNC
1,CL31C510JBCNNNC
1,CL31C470JCCNNNC
1,CL31C470JGFNNNC
1,CL31C470JHFNNNC
1,CL31C470JIFNNNC
1,CL31C470JJHNNNC
1,CL31C390JBCNNNC
1,CL31C390JGFNNNC
1,CL31C330JGFNNNC
1,CL31C330JHFNNNC
1,CL31C330JIFNNNC
1,CL31C300JBCNNNC
1,CL31C270JBCNNNC
1,CL31C270JCCNNNC
1,CL31C270JHFNNNC
1,CL31C220JBCNNNC
1,CL31C220JCCNNNC
1,CL31C220JGFNNNC
1,CL31C220JHFNNNC
1,CL31C220JIFNNNC
1,CL31C200JBCNNNC
1,CL31C200JCCNNNC
1,CL31C180JBCNNNC
1,CL31C150JBCNNNC
1,CL31C150JHFNNNC
1,CL31C150JJHNNNC
1,CL31C120JBCNNNC
1,CL31C100JBCNNNC
1,CL31C100JGFNNNC
1,CL31C100JHFNNNC
1,CL31C100JIFNNNC
1,CL32A227MQVNNNC
1,CL32A157MQVNNNC
1,CL32A107MPVNNNC
1,CL32A107MQVNNNC
1,CL32A476KOJNNNC
1,CL32A476KPJNNNC
1,CL32A476KQJNNNC
1,CL32A476MOJNNNC
1,CL32A476MQJNNNC
1,CL32B476KPJNNNC
1,CL32B476MPJNNNC
1,CL32B476MQJNNNC
1,CL32A226KAJNNNC
1,CL32A226KOJNNNC
1,CL32A226KPJNNNC
1,CL32A226KQJNNNC
1,CL32A226MAJNNNC
1,CL32A226MOJNNNC
1,CL32A226MPJNNNC
1,CL32A226MQJNNNC
1,CL32B226KAJNNNC
1,CL32B226KOJNNNC
1,CL32B226KPJNNNC
1,CL32B226MOJNNNC
1,CL32A106KAJNNNC
1,CL32A106KBJNNNC
1,CL32A106KOJNNNC
1,CL32A106KPINNNC
1,CL32A106MBJNNNC
1,CL32A106MOJNNNC
1,CL32B106KAJNNNC
1,CL32B106KBJNNNC
1,CL32B106KLJNNNC
1,CL32B106KOJNNNC
1,CL32B106KPINNNC
1,CL32B475KBJNNNC
1,CL32B225KAINNNC
1,CL32B225KBJNNNC
1,CL32B105KAFNNNC
1,CL32B105KBHNNNC
1,CL32B105KCJNNNC
1,CL32B105MBHNNNC
1,CL32B474KBFNNNC
1,CL32B154KBFNNNC
1,CL32B104KEJNNNC
1,CL32C473JCJNNNC
1,CL32C333JCJNNNC
1,CL32C333JHJNNNC
1,CL32C273JHJNNNC
1,CL32C223JBHNNNC
1,CL32C223JHJNNNC
1,CL32C113JBHNNNC
1,CL32B103KGFNNNC
1,CL32C103JAFNNNC
1,CL32C822JHJNNNC
1,CL32C682JBFNNNC
1,CL32C472JBFNNNC
1,CL32C332JBFNNNC
1,CL32C182JBFNNNC
1,CL32C182JGHNNNC
1,CL32C182JHHNNNC
1,CL32C681JGFNNNC
1,CL32C101JJFNNNC
